set foreign_key_checks=0;
truncate table event_event;
truncate table event_organisation;
truncate table event_org;
truncate table event_user;
truncate table event_users;
truncate table event_venue;
truncate table event_payment;
truncate table event_pay;
set foreign_key_checks=1;
insert into event_event values('e101','RTFM','Technical','2019-11-06','18:00:00');
insert into event_event values('e102','star_ladder','Gaming','2019-11-09','09:00:00');
insert into event_event values('e103','dance_competition','Cultural','2019-11-08','18:00:00');
insert into event_event values('e104','Iris_meet','Technical','2019-11-18','14:00:00');
insert into event_event values('e105','concert','Cultural','2019-12-31','22:00:00');
insert into event_organisation values('o101','Iris','NITK','iris@nitk.edu.in','9875623534');
insert into event_organisation values('o102','IE','NITK','ienitk@gmail.com','6723734672');
insert into event_organisation values('o103','IEEE','NITK','ieee@nitk.edu.in','5234523456');
insert into event_organisation values('o104','Music Club','NITK','musicc@gmail.com','9887235423');
insert into event_organisation values('o105','Dance Crew','NITK','dancers@nitk.edu.in','9855463412');
insert into event_org (event_id_id, org_id_id) values('e104','o101');
insert into event_org (event_id_id, org_id_id) values('e101','o102');
insert into event_org (event_id_id, org_id_id) values('e102','o103');
insert into event_org (event_id_id, org_id_id) values('e105','o104');
insert into event_org (event_id_id, org_id_id) values('e103','o105');
insert into event_venue values('v101','SJA','1');
insert into event_venue values('v102','ATB','0.1');
insert into event_venue values('v103','ATB','0.2');
insert into event_venue values('v104','ATB','0.3');
insert into event_venue values('v105','ATB','1.1');
insert into event_venue values('v106','ATB','1.2');
insert into event_venue values('v107','ATB','1.3');
insert into event_venue values('v108','NTB','L001');
insert into event_venue values('v109','NTB','L002');
insert into event_venue values('v110','NTB','L003');
insert into event_venue values('v111','NTB','L101');
insert into event_venue values('v112','NTB','L102');
insert into event_venue values('v113','SAC','1');
insert into event_venue values('v114','MB','MSH');
insert into event_venue values('v115','Mining Seminar Hall','1');
insert into event_users values('u101','Akshit','akshit@gmail.com','9900443322','M','1999-09-26');
insert into event_users values('u102','Raghav','raghav@gmail.com','9876543210','M','1999-01-01');
insert into event_users values('u103','Nisarg','nisarg10@gmail.com','9875643210','M','1999-05-13');
insert into event_users values('u104','Avdhesh','apsy@gmail.com','9870606542','M','1998-04-03');
insert into event_user(event_id_id, user_id_id) values('e101','u101');
insert into event_user(event_id_id, user_id_id) values('e101','u102');
insert into event_user(event_id_id, user_id_id) values('e102','u103');
insert into event_user(event_id_id, user_id_id) values('e102','u101');
insert into event_user(event_id_id, user_id_id) values('e105','u102');
insert into event_user(event_id_id, user_id_id) values('e104','u102');
insert into event_user(event_id_id, user_id_id) values('e104','u104');
insert into event_user(event_id_id, user_id_id) values('e103','u104');
insert into event_user(event_id_id, user_id_id) values('e102','u104');
insert into event_user(event_id_id, user_id_id) values('e101','u104');

